"V","E","uE"
-1.54518635477871,0.045187422354322,0.0338760087099431
0.493517766706645,-0.0343689442540701,0.0124355978605512
-1.96201697457582,-0.0178183174010111,0.0484951060852364
0.0570045653730631,-0.0140111546568025,0.0100324952047337
-0.869065665639937,-0.00781002412316396,0.0175527513119419
1.34918251261115,-0.00947484301966848,0.0282029345233574
-1.25310884136707,0.011548911749414,0.0257028176831231
-0.789226517081261,-0.0317646108660199,0.0162287849526422
-1.12480183597654,-0.0132852848231175,0.022651791702162
1.65863266400993,-0.0140245006612219,0.0375106231412067
-0.175634070299566,-0.00943100222268334,0.0103084732664999
0.0292274802923203,-0.0152230449601882,0.0100085424560424
-1.19500784948468,0.0303032065914512,0.0242804376033001
1.22940936125815,0.0193656389297332,0.0251144737754917
-0.752702771686018,0.00600335615037654,0.0156656146250381
0.00798989180475473,-0.0356403668003533,0.0100006383837105
-1.02428469061852,0.0738930853668434,0.0204915912743547
-0.761253592558205,0.0235505287741659,0.0157950703218277
-1.38800416421145,0.0310778956667467,0.0292655555986833
1.00480078812689,-0.0476383778341765,0.0200962462382041
1.45933532807976,-0.00560792645968762,0.0312965959978166
-1.94500024337322,0.0193468568288437,0.0478302594672187
-0.767620971426368,0.00977140332238024,0.0158924195577356
0.258279359899461,0.0153422564823654,0.0106670822775008
-1.94149097707123,0.0148734143059146,0.0476938721404898
0.0767599232494831,-0.0109599064522178,0.0100589208581727
-0.717422311194241,-0.00631615082666899,0.0151469477259929
-0.112361115403473,-0.0233299816634304,0.0101262502025471
-1.21530139259994,0.0273892863090017,0.0247695747485535
-0.756516881287098,-0.0489625735865293,0.0157231779167236
-1.3344248784706,-0.00706799749167408,0.0278068975628127
-1.47354346327484,0.0204538278381505,0.0317133033816
-0.799203784205019,-0.00523144054469993,0.0163872668868762
0.968478628434241,0.0365402789595211,0.0193795085373387
-0.878968895412982,0.021194720198299,0.0177258631910352
-0.69727230258286,-0.0218053709542124,0.014861886639492
-0.257875761017203,-0.00150814456024059,0.010664999081202
-1.59692383557558,0.000290435588828045,0.0355016573662942
-1.12137351650745,0.00677812020640497,0.0225747856352428
-0.883375108242035,-0.0133027984461829,0.0178035158186163
0.977108860388398,-0.0155422619564508,0.0195474172504951
1.76944286003709,-0.00660838636362879,0.0413092803493623
-0.993817195296288,0.0229793223702162,0.0198767261766658
-0.726216761395335,0.0283004219393576,0.0152739078453153
-1.49026640783995,-0.0152008736347677,0.032208939663362
-0.128830666653812,0.00139343238783692,0.0101659734067047
0.526971263810992,-0.0252036214310772,0.0127769871288255
1.93454045895487,-0.0190962785688952,0.0474244678733332
-0.572051689960063,-0.0154002567627059,0.0132724313598616
0.263867269270122,-0.0331643329643376,0.0106962593579207
-0.243831792846322,-0.0505608372310845,0.0105945394320265
1.4010596871376,0.0193436983533965,0.0296296824692212
0.40759018342942,0.0102199254019723,0.0116612975762803
0.220506523735821,-0.0209484589961265,0.0104862312701006
-0.269970410503447,0.0241310903843533,0.010728840225474
0.549193038605154,0.0456066536107141,0.0130161299365236
1.20960807707161,-0.0642273103461285,0.0246315170011687
0.337086069397628,0.0289715178035303,0.0111362701818194
-0.625709191896021,0.0309270034675314,0.0139151199282317
0.243549015372992,0.00383102805589766,0.0105931612288915
-0.0847892565652728,-0.0131749314953327,0.0100718921802889
-1.69566670712084,-0.0277458733305407,0.0387528558163802
1.36684252973646,-0.0221577995503088,0.0286825850109636
0.970277464948595,-0.0160365932411532,0.0194143835898707
-1.48692084662616,-0.0530421738312391,0.0321093360413146
1.28740471322089,-0.0162773335235256,0.0265741089562337
1.93217609729618,0.0248544029913694,0.0473330447096269
0.113437511958182,-0.0190136982521589,0.0101286806911926
0.105233970098197,0.039422873510233,0.0101107418846263
-0.383306995034218,-0.00126059261130598,0.0114692425244216
0.26524302829057,0.00279648418055734,0.0107035386405675
1.03224558476359,0.0119757070454197,0.0206553094726392
0.554773265495896,-0.0236507265204514,0.0130777337610898
1.40124766528606,-0.0194959160156411,0.0296349501946965
-0.967413406819105,-0.0106681829795639,0.0193588869969335
-0.00181445851922035,0.044653582233076,0.0100000329225972
0.0356824612244964,0.01074354740882,0.0100127323803904
0.267835581675172,-0.00237942378818728,0.0107173589881128
0.26844828389585,-0.0281237310162149,0.0107206448112663
-0.771126599982381,-0.00220223231072797,0.0159463623320039
-0.303563287481666,0.00988656933617907,0.0109215066950668
0.756470026448369,-0.00908300408494239,0.015722469009148
1.09409448783845,-0.0223656953775955,0.0219704274831847
1.18769536353648,-0.023837429190707,0.0241062027656604
-0.944454105570912,-0.00553892060015283,0.0189199355752975
0.252325385808945,0.00861951090352612,0.0106366810032363
0.358066174201667,0.0244295153783712,0.0112821138510742
-1.88177274540067,-0.0336361082646731,0.0454106866533276
-1.51756438240409,-0.0201717813458729,0.033030016547415
-1.93615748267621,-0.0515527361885197,0.0474870579772307
-0.571049344725907,0.00277199009005776,0.0132609735411189
1.1978508355096,0.0180364469364893,0.0243484662413104
1.28491458576173,0.00640054513071748,0.0265100549270323
-0.621450711973011,0.030948879255702,0.0138620098741176
1.67405749298632,0.0146942185507815,0.0380246848982365
-0.876909504644573,-0.0147879336680463,0.0176897027933599
0.785164270550013,0.0364372145580778,0.0161648293174833
-0.345981290563941,0.011167782178689,0.0111970305342029
0.434740106575191,0.0145567698588705,0.0118899896026501
-1.53828881494701,-0.0232182917646668,0.0336633247819107
-0.588005991652608,-0.00627980106211106,0.0134575104621937
-0.223864547908306,-0.0307760069753424,0.0105011533581019
-1.23749678581953,-0.00182705878209078,0.0253139829491367
1.07526306807995,0.0343778187843163,0.021561906655767
-0.370994318276644,-0.0115238509347137,0.0113763678419355
-1.21332914382219,0.00164220036724977,0.024721676112483
-0.607114775106311,0.0197461420867316,0.0136858835015239
1.44722123816609,-0.03998966271013,0.03094449312199
-0.642866467125714,-0.0344902302502804,0.014132772945547
-1.25465238280594,-0.023361476011078,0.0257415260168063
0.935576250776649,0.00757730763616959,0.0187530292101729
-1.22039385978132,0.00202677435967287,0.0248936117299196
-0.503336571156979,0.0314018591200626,0.0125334770386406
-0.357882897369564,-0.031092115726049,0.0112808016822963
0.0689859753474593,-0.0110588547624743,0.0100475906479464
-0.758278243243694,-0.0529329256157399,0.0157498589417674
1.68366550747305,0.0407716723226858,0.0383472954105449
0.974059537053108,0.0273110223124381,0.0194879198172412
1.99532724544406,-0.0161398764451183,0.0498133081641138
0.925182545557618,-0.006367782433896,0.0185596274260447
-1.98741815052927,-0.00339594995500092,0.0494983090505317
-0.681139419786632,0.0452196986125638,0.0146395090918727
0.642059789039195,0.000967099558612596,0.0141224077270106
0.898739580065012,0.010402203372093,0.0180773283277543
1.51528017036617,0.0176201492652836,0.0329607399470492
-0.419612004421651,0.0173737903587765,0.0117607423425476
-0.314561238512397,-0.0420890373457566,0.0109894877277445
-1.17605400085449,0.0186396244418168,0.0238310301292586
-1.14053191244602,-0.023275968449243,0.0230081304330778
-1.22691107913852,-0.000798141282953197,0.0250531079611284
0.766827876679599,-0.0485553940355557,0.0158802499245294
0.610393775627017,0.00539765843573046,0.0137258056132421
0.258419383317232,-0.0253139515516107,0.0106678057767406
-0.534401489421725,-0.0548813832281144,0.0128558495189616
1.02810498513281,-0.0421265576005354,0.0205699986045494
-1.24520482961088,-0.0357837816446018,0.0255053506768627
0.489434106275439,0.0138662610073636,0.0123954574438564
1.23121120780706,0.00781889205500561,0.0251588103822973
1.4680356439203,0.0172549823068224,0.031551286518205
1.09974928200245,-0.013397249456158,0.022094484832649
0.648190293461084,0.00457863718677693,0.0142015065653717
-1.57902774307877,0.0103668883474568,0.0349332861341243
-1.78392677102238,-0.0021423854521993,0.0418239472437033
-0.897594789043069,-0.027874650602739,0.0180567640531727
-0.241210533306003,0.0284395301702492,0.0105818252137777
0.636116117238998,0.0420123720105473,0.0140464371461122
0.942003719508648,0.0508552210258712,0.0188737100756813
1.52963531855494,0.0224806408044424,0.0333978420777067
1.95400589331985,-0.00471513136814566,0.0481813903112869
0.521757055073977,-0.00321631959019268,0.0127223042451947
-0.981197257526219,-0.0076903616644239,0.0196274805817697
1.84047360625118,-0.00662083689138066,0.0438734309530723
-1.01245418377221,-0.00129634267504477,0.0202506347423785
-1.80162036698312,-0.0496855459323522,0.0424583594672838
-0.432913017459214,0.000282806363031177,0.0118741368068564
-1.22957814577967,0.00592763973605297,0.0251186241657897
0.500789986923337,-0.0239370010989672,0.0125079061100268
-0.84291332308203,-0.0442573518693417,0.0171050287022919
-0.402360199950635,-0.00906634239777055,0.0116189373050432
-0.131355245597661,-0.0786235931344938,0.0101725420054602
0.094311117194593,0.0421265067652396,0.0100889458682649
-0.510937192477286,0.0173929040930626,0.0126105681465657
1.04604872036725,-0.0245994319351079,0.0209421792538197
-1.37177496682853,0.000381185047846483,0.028817665596174
1.65061195287853,-0.0041673005095065,0.0372451981898549
-0.648781483992934,-0.0418158563002701,0.0142091741397207
0.422668942250311,-0.0221251596395664,0.01178649034743
1.20417318399996,0.0243260397037745,0.0245003305706459
0.697736341506243,-0.0291117145467061,0.0148683600225852
1.31825761590153,-0.0189254319337501,0.0273780314188239
-0.577976346947253,-0.0187664675797947,0.0133405665763049
0.369778196327388,0.0309058169137626,0.0113673591447914
0.407291763462126,-0.00480714743941362,0.0116588658058409
-0.671676252037287,0.0139614455218729,0.0145114898755086
-0.545636308379471,0.0194301150681979,0.0129771898102198
1.22746143024415,-0.00957275672262292,0.0250666156273701
0.530171875841916,-0.02842486609106,0.0128108221793374
0.498498000204563,0.00428435982986693,0.0124850025620795
-1.53014823514968,-0.00903061914741382,0.0334135362153168
0.62244372535497,0.0363433458135673,0.0138743619123377
-0.478679534047842,-0.013095921120337,0.0122913409631626
-1.13656533136964,-0.00782415406746348,0.0229178075247138
1.31438495591283,0.0171961340944516,0.0272760781232997
1.65600290615112,-0.0167135745296296,0.0374234562518094
1.16253167204559,-0.000452121140897799,0.0235147988850911
1.8876817561686,0.0125076565343624,0.0456334241257179
0.500626383349299,-0.0101824820246936,0.012506267757054
1.96081500500441,-0.0305178439680096,0.0484479548385043
-1.03335695248097,0.00787708770798274,0.0206782659124076
0.449299066327512,-0.00704889125622743,0.0120186965100277
0.501149753108621,-0.0508741669321872,0.0125115107504083
0.662600493989885,0.00678989292456734,0.0143903941463564
-1.75908634625375,0.0033196326684919,0.0409438477357638
1.2643028749153,-0.0422832748694133,0.025984617595191
0.290792386978865,-0.0132453467477689,0.0108456021232487
-0.566668355837464,-0.0044108704504157,0.0132111302550754
1.80457378551364,-0.0140198798874547,0.0425648654736303
1.5121380649507,0.0138994265509923,0.0328656152747286
-0.572319247759879,-0.0396960684996943,0.0132754932135643
0.787468076683581,-0.0240358078034886,0.0162010597179574
-0.876112742349505,-0.0113307269260524,0.0176757353730717
0.242174534127116,0.0363677244595818,0.0105864850497969
1.37482564989477,-0.00391039055035963,0.0289014556760859
-0.420138678513467,-0.0257340724064186,0.0117651650918304
-0.772003125399351,0.0387494951492922,0.0159598882562637
-0.4853260749951,-0.00582263791956127,0.0123554139907015
1.10928403399885,0.0139013269896173,0.0223051106808476
-1.80044862255454,0.0282546684260698,0.0424161524245854
-0.653543923981488,0.0103152351376651,0.0142711966057312
1.78418798744678,0.0327497357607354,0.0418332677454941
1.56089365109801,-0.019920963691968,0.0343638899003809
0.240238502621651,0.0402644880616041,0.0105771453814189
-0.851239935494959,-0.0459134574697598,0.0172460942778146
-0.642648670822382,-0.024566507286247,0.0141299731410977
0.0385957127436996,-0.0147712065817586,0.0100148962904219
-0.574852245859802,0.00587133901291211,0.0133045510457006
0.0479718344286084,-0.011924768247604,0.0100230129689845
0.747341349720955,0.0146868381123919,0.0155851909300274
-1.3185010664165,0.0105792974221282,0.0273844506214145
-1.86677351407707,0.0170984951324933,0.0448484335285964
0.460145526565611,0.0373388013699966,0.0121173390561834
-1.80273819435388,-0.0358986824464629,0.0424986499738228
0.84144249651581,0.0244307961703205,0.0170802547494276
0.91755592264235,-0.00668629623877973,0.0184190887117605
-0.425801986828446,-0.0202278495873086,0.0118130733198705
1.36661017872393,-0.0447582244879358,0.0286762338059186
-1.17303718067706,-0.021384723992043,0.0237601622725078
-1.55889193154871,-0.00754296912328957,0.0343014405424768
1.32117288466543,-0.0488690103737605,0.0274549779117517
-1.88946695439517,-0.00906815930800581,0.0457008537175138
1.51161806192249,0.0128480636434694,0.0328498916513031
0.0365796191617846,-0.0326920295500312,0.0100133806853802
-0.725694457069039,-0.000122091704508431,0.0152663244502073
0.959535430185497,-0.0338728436147417,0.0192070824178127
0.852410718798637,-0.00130177150936946,0.0172660403352281
-1.53429099172354,0.022538615264032,0.03354048847284
-1.77502135839313,-0.0549047764574683,0.041507008227518
1.90317477006465,0.0580917970717488,0.0462207420541064
-1.24019623175263,-0.0294121719460886,0.0253808669325343
-1.18440098781139,0.0236866385502206,0.0240280569992859
1.29920271132141,0.0523664097776352,0.0268792768510491
-1.97854878753424,-0.0237721310273272,0.049146553046532
-0.242036318406463,-0.0170126888540163,0.0105858157942775
1.94661100488156,0.025732345079579,0.04789294404326
-1.60300117637962,-0.0205904895297167,0.0356961277147445
1.17444946058095,-0.0241070357787357,0.0237933153545887
1.95133543014526,0.0398237105255246,0.048077099609402
-1.60482725687325,0.0444914610073189,0.0357547052440332
0.367905314080417,-0.00571834305098431,0.0113535432012861
0.621590808965266,0.0574544079251724,0.0138637513379009
0.210491865873337,0.0479497524536637,0.0104430682559884
1.34261422324926,-0.00172837321022636,0.028026129524712
0.767026792280376,-0.0204987006257117,0.0158833010007592
0.4602738507092,-0.0169573068220817,0.0121185201764667
-1.98398443683982,0.0353129937974398,0.0493619424562261
0.442117398604751,0.013601418540754,0.0119546779414903
1.19608393218368,0.0161769835474121,0.0243061677282798
1.42022108566016,-0.000320373197175165,0.0301702793215372
0.495636752806604,0.00460619415737717,0.0124565579073267
-1.10341189894825,-0.0123042350307302,0.0221751781874059
1.77957027684897,0.0285932501945112,0.0416687037024433
-0.840076455846429,-0.00821225931039655,0.017057284516675
1.45948058180511,0.0501691162494016,0.0313008356866618
-1.33303042594343,0.0147790708690005,0.0277697011649093
0.704800935462117,0.024893185926101,0.0149674435862828
-0.941847963258624,0.0371665953309448,0.0188707758589442
-1.28117920830846,-0.00118261653718477,0.0264142016380189
1.48574715852737,-0.0445188720025773,0.0320744461907217
-0.653063915669918,-0.0153548736822382,0.0142649247795013
-0.242514118552208,0.0149423840706831,0.0105881309769715
0.24390487652272,0.0303097589856569,0.0105948958879156
0.694296787492931,0.00524537250086193,0.01482048029123
-0.790787728503346,0.0211354344552726,0.0162534523155148
-0.234216017648578,0.0237524199217924,0.0105485714292316
-0.448261009529233,0.0258946199002283,0.0120093793266417
1.15834265667945,0.0188289185460061,0.0234175771028321
-0.446929650381207,-0.00482148066371385,0.0119974611238987
1.21295011229813,0.0258089095595031,0.0247124797492405
-0.908404365181923,-0.0126998577651076,0.0182519849068157
-1.19337133597583,0.00877891317877651,0.0242413514552873
-1.56772202625871,-0.0128296188742016,0.0345775235161671
-1.24568370636553,0.0120349825042757,0.0255172789630455
0.263783639296889,0.0126183379246103,0.0106958180836071
0.867068585008383,-0.00265926044343162,0.0175180793110844
1.77413964737207,0.000687826229613858,0.0414757148837748
0.579444243572652,0.0109240162155753,0.0133575563140948
1.08366146404296,-0.0284881635363459,0.0217432216865173
-0.391010085120797,0.0257080791957315,0.0115288888666617
-1.16404652688652,0.00678222162844843,0.0235500431675658
1.92772332951427,0.0138163151778956,0.0471611723515356
1.78378574363887,-0.00426721716239479,0.0418189157920929
-0.795912749134004,-0.0473123449368864,0.0163347710423405
-1.59455612581223,0.0188476413532753,0.0354260923836532
0.310604483820498,-0.00655115196903721,0.010964751453694
-0.217981894500554,0.0155721543782402,0.0104751610633005
1.72168413642794,0.0515814649630217,0.0396419626562762
-1.604243661277,-0.029106766080786,0.0357359772474742
0.985783576965332,0.0340765858892594,0.0197176926061456
-0.634036477655172,-0.00925678991720651,0.0140200225499738
0.531864478252828,-0.00146866782280551,0.0128287982322715
0.566292637959123,-0.0134049970297071,0.013206873518067
-0.194312224164605,-0.0125557501957102,0.010377572404598
-0.632242766208947,-0.0289686086215774,0.0139973091542354
-0.815781515091658,0.00317963484940262,0.0166549948036524
-1.71885141450912,0.0119100407406492,0.0395445018515999
-1.68008510675281,-0.00469801758214373,0.0382268596593261
1.85534858331084,-0.0407850284692695,0.0444231836559355
-0.176897171884775,-0.0101443071834126,0.0103129260942083
0.364399185404181,0.010397517397197,0.0113278676632323
0.206184277310967,-0.0181527866263074,0.0104251195621025
-1.41685682162642,-0.0148619950608427,0.0300748325298933
0.426937385462224,-0.0294594294351888,0.0118227553110532
-1.25031461752951,0.0148970406990067,0.0256328664280797
0.35466130822897,-0.0168410342539462,0.0112578464355468
1.25160834752023,0.0797909641829724,0.0256652345558233
0.135129238478839,0.0255154617507661,0.0101825991109187
-0.0641437023878098,-0.00418072883750347,0.0100411441455602
1.80627428088337,6.08637775189306e-05,0.0426262677778074
1.42086434084922,-0.0180667119184414,0.0301885547509689
-0.09543845243752,0.00708607145716964,0.0100910849820367
-1.08976580016315,0.000183409415361053,0.0218758949920523
1.17331605404615,-0.0435660243925238,0.0237667056268244
0.65060521941632,-0.0464316390281247,0.0142328715153176
-0.679313178174198,0.0151425232715991,0.0146146639404113
-1.98732084594667,-0.0583819804199441,0.0494944414473419
0.757997021079063,-0.00957893444625526,0.0157455948396473
1.81186711136252,0.0416887003392066,0.0428286242923715
1.73841001000255,-0.0418823924056885,0.0402206936287708
1.94973866920918,0.00742336713183145,0.0480148087820959
1.94248788524419,0.0395411663533032,0.0477325918432045
-0.0688207568600774,0.0128944256649169,0.0100473629657479
-1.60186125244945,0.0323880719420867,0.0356595947209893
1.06970374286175,-0.0243688303384418,0.0214426609749243
-1.21840968262404,0.015928014359587,0.0248452215471202
-1.5586520023644,0.00461120925964858,0.0342939606447454
-0.441340625286102,0.0340054252087225,0.0119478154752793
1.85069966688752,0.0626484152293556,0.0442508925701758
1.4701642440632,0.00288798845931355,0.0316138290452192
0.754327137954533,0.0275984535916925,0.0156900943105468
0.564945132471621,-0.0101430686101795,0.0131916300270338
-1.41856626607478,-0.0090439023452441,0.0301233025124533
1.91549583431333,-0.0139230978528848,0.0466912429127173
1.40156244114041,-0.0341202494707304,0.0296437727641547
-0.505581989884377,0.00184718866584123,0.0125561314849545
-1.98630633205175,-0.000982005565318625,0.0494541284474889
-0.988991310819983,0.0181817638071676,0.0197810381287743
1.61906059551984,-0.0054131718405577,0.0362135721196506
-0.955689353868365,-0.0230608720223329,0.0191334214109733
1.61177826486528,-0.00323498633815097,0.0359782917509213
-1.80083316843957,0.0463494504861553,0.0424300010055209
-1.20734302792698,0.0113475476203407,0.0245767718708389
-0.920200097374618,0.00692123865228162,0.0184676821920826
-0.043720867484808,0.0266069924091476,0.0100191151425362
1.16319159604609,0.0451365382521338,0.0235301468911225
1.05028672795743,0.0430904676786213,0.0210310221092352
1.21483307052404,-0.0108664167192649,0.0247581938923886
0.676783605478704,-0.00199674935276868,0.0145803604864475
-1.47030771523714,-0.00914856280128198,0.0316180477748586
0.788127830252051,-0.00506235457294982,0.0162114547681781
-0.667500106617808,0.0113664548706105,0.0144555639233479
0.671997966244817,-0.0120883167485655,0.0145158126663717
-0.638800084590912,-0.0293561263693293,0.0140806554807336
-0.0269366800785065,-0.0060182907551024,0.0100072558473365
0.634834079071879,0.0365170396845887,0.0140301430795104
-1.87107580620795,0.0466684036241748,0.0450092467257675
-1.84577800054103,-0.0101562070068854,0.0440689642728125
0.954559921287,0.0208288819500251,0.0191118464332744
-0.304935065098107,-0.0032525256241177,0.0109298539392639
-1.49238847754896,-0.00306090224986508,0.0322722336792089
0.0654606856405735,-0.0169829464807559,0.0100428510136453
0.895622349344194,-0.0397560712141732,0.0180213939264481
1.96562761440873,0.0453889656983097,0.0486369191852616
1.31965399440378,0.0201777591985137,0.0274148666494585
-1.44455018639565,-0.0451418388252255,0.0308672524101569
-1.43405101634562,-0.00875044847208256,0.0305650231748191
-0.255132713355124,0.039148613532573,0.0106509270142395
1.0608869176358,0.0026822379709105,0.0212548105201079
0.887326401658356,0.00484872939580036,0.0178734814307997
0.457473424263299,0.0213895366182033,0.0120928193390719
-0.744760439731181,0.0249481286282767,0.0155466811258858
-0.352560722269118,0.0158069366722606,0.0112429906288692
1.41839322634041,0.0104580479875694,0.0301183934452837
-0.957203779369593,0.0371493454732927,0.0191623907523943
0.587241815403104,0.0430565371578937,0.0134485294975793
0.686642641201615,0.00575170184804179,0.0147147811671633
-1.11007738672197,-0.00524184770396699,0.0223227180451148
-1.37856501061469,0.000305915592992324,0.0290044148849109
1.68098189774901,0.00880847781908504,0.0382570014055985
0.549954888410866,-0.017067860991146,0.0130245037928701
-0.095039788633585,0.0161746791954024,0.0100903256142352
-0.905791357159615,-0.0324771240932541,0.0182045798270506
-1.06689697504044,0.05606803933361,0.0213826915535043
-0.36489337682724,-0.0625499764168198,0.0113314717645239
-0.501624489203095,0.00435318345167518,0.0125162712816827
1.11256673000753,-0.00148362097336625,0.0223780472871965
-0.77901350799948,0.0137887015183298,0.0160686204564566
0.0735940579324961,-0.0103386139914523,0.0100541608536297
0.578378203324974,0.0605094687605362,0.0133452134608142
1.17888844292611,-0.00363249820386798,0.0238977796086475
0.0317213069647551,0.000589287082044649,0.0100100624131555
0.492166038602591,0.0283133014436628,0.0124222740955377
-1.09387433715165,0.0175748722283166,0.0219656106547895
1.13473940454423,0.00455652344218828,0.022876335162254
0.967697200365365,-0.00427179284230222,0.0193643787159496
1.46337271761149,-0.00590706671346992,0.0314145971064964
1.34002941846848,-0.0341266901125923,0.0279567884236096
1.3765933373943,0.015866727346177,0.0289500921655837
1.88078737910837,0.0112654100849861,0.0453736116541333
0.738861897028983,-0.0262963213959856,0.0154591690288127
-0.926109016872942,-0.00471716878326929,0.0185767791113337
-0.774850754067302,0.0324230433685451,0.0160039369107867
1.2463310547173,0.0320906234117603,0.0255334109795274
-1.19349207822233,-0.0307574368702525,0.0242442334077947
-1.52360097877681,0.0202005558018761,0.0332135994252966
0.541440043598413,0.00319448960933781,0.0129315732081185
-1.77186160907149,0.0097855382606167,0.0413949356170142
0.898545206524432,-0.0219680376848277,0.0180738348816803
-1.01751772686839,-0.00521590777428477,0.0203534232449142
-0.592028931714594,-0.0518453174998122,0.0135049825598712
-0.0817529279738665,-0.0186163266737595,0.010066835412323
1.71156589873135,-0.00772290293189413,0.0392945782570006
1.50829561427236,0.0328292287583642,0.0327495566003322
0.65680677164346,-0.0266645054238598,0.014313951352767
0.311713070608675,0.00759943762226853,0.0109716503838829
0.11228278838098,0.00226615802691374,0.0101260742456661
0.660544259473681,-0.0343398116841879,0.0143631871872363
1.58774177636951,0.00711593932911776,0.0352092394842901
-1.47097299434245,0.0398131362668805,0.0316376155008478
0.190381426364183,0.02367682889552,0.0103624508750446
-0.918429716490209,0.0284973756340283,0.0184351314413229
-1.49807268939912,-0.00538236665525685,0.0324422178272352
1.54822464101017,0.02412512437204,0.0339699953903106
-1.03432169836015,-0.0597136709433478,0.0206982137569862
0.596822424791753,-0.0315658715375598,0.0135619700673431
-0.960859326645732,-0.00440390190711942,0.0192325064560209
1.60847433563322,0.00273308555495581,0.0358718968839072
-0.325382316485047,0.0130196948452402,0.0110587365188118
0.154126013629138,0.0181758323092996,0.0102375482807721
-0.449111757799983,-0.0115846225444112,0.0120170137099419
1.36665110755712,-0.0121303680618665,0.028677352497871
-1.58333398401737,-0.00879721062452439,0.0350694650494432
0.961942801252007,-0.014149220575089,0.0192533395288056
-1.48979745525867,-0.00314089153558399,0.032194964576952
-0.408321524038911,0.0221029433526056,0.0116672646699346
-1.51616081688553,0.0116703360687398,0.03298743622659
-0.450119070708752,-0.0110663111835885,0.0120260717781571
-1.54908749833703,-0.01743994028223,0.0339967207750408
1.12020973302424,-0.00263085642468967,0.0225486984596224
-1.24745925981551,-0.00523890158895272,0.0255615460489947
-0.532836813479662,0.0307107666508474,0.0128391506979916
0.302023272961378,-0.0571855489956946,0.010912180574103
0.782420295290649,-0.0245183888382726,0.0161218151848271
-0.460477042011917,0.0156459423227185,0.0121203910622004
-0.255178623832762,0.0166879656579676,0.0106511613006118
-1.87193593941629,-0.0163965157788827,0.0450414416127835
-1.38123991247267,-0.00525746836441301,0.029078236958075
-1.47050604596734,0.0452588809640975,0.031623880312265
1.8493982097134,-0.0276749730932671,0.0442027373809113
-1.88991948403418,0.0447760566544869,0.0457179565613202
0.315065858885646,0.00798289067983333,0.0109926649543535
-0.0135853420943022,0.0264357206459798,0.0100018456151982
1.66751612909138,-0.0132554538450453,0.0378061004077991
1.73430215474218,-0.0282148351120354,0.0400780396394337
-0.0546812945976853,0.0100309767948018,0.0100299004397888
1.93747372739017,0.0106114702282881,0.0475380444432716
-0.429380904883146,-0.0107083608837637,0.0118436796147827
1.29628402739763,-0.0220888053174002,0.0268035227968623
0.373322576284409,0.0327430631671646,0.0113936974596363
-0.331089741550386,-0.0336696981083214,0.011096204169599
-0.414500230923295,0.0359983826133022,0.0117181044143546
-0.831535599194467,-0.0149785578912424,0.016914514527277
0.745783205144107,-0.0474192943335526,0.0155619258907502
1.00801760051399,0.0549155806621012,0.0201609948294599
-1.00084903463721,0.00954027750518816,0.0200169879013424
1.70568066090345,-0.0269328222702114,0.0390934651698004
0.837176065891981,-0.00944879070404673,0.0170086376530237
-0.582671045325696,-0.0200185999059239,0.0133950554706094
1.22877463512123,0.00793701149789669,0.025098871039173
-0.0400407994166017,0.00337353632422796,0.0100160326561792
1.8576809251681,-0.031245819001872,0.044509784197334
-1.90801499970257,0.00645998489050903,0.0464052123909001
1.75707997847348,-0.016977831546185,0.0408733005075238
0.535881292074919,0.0159491210788009,0.0128716875919588
-0.944028027355671,0.0151717866253836,0.0189118891643304
0.318517243489623,-0.00085720773734868,0.0110145323440023
-0.191218833439052,-0.0198903636834513,0.0103656464226179
-0.873376150615513,-0.0118488779252598,0.0176278590046397
1.35866611264646,-0.0255098883699067,0.0284597360565384
1.63739684503525,0.0209947374360312,0.0368106842813141
0.15559792239219,0.0341038421800576,0.0102421071345277
-0.54774228297174,0.00126118327239356,0.0130002160855509
1.46697578579187,0.00848502821107526,0.0315201795609969
0.155555976554751,-0.00526406245083838,0.010241976618419
0.650263258256018,0.00550235989808876,0.0142284230503773
-0.422098344191909,0.0471872902373808,0.0117816701216955
0.664471160620451,0.00659199690522604,0.0144152192329629
-1.69258486386389,0.0336170008531425,0.0386484352138113
-1.50363026931882,0.00624000405638799,0.0326090398681178
0.0841383263468742,-0.0346519448318789,0.0100707925796045
-0.466458621434867,-0.02998617007758,0.0121758364551092
-0.157680899836123,-0.0245276060423608,0.0102486326617313
1.2935731774196,-0.00250941469295405,0.0267333156533945
0.149378172121942,-0.00278908659566971,0.0102231383830649
0.533493528142571,0.0300278499460665,0.0128461534457001
-1.44991210661829,-0.0417068609488275,0.0310224511691827
-0.857246008701622,-0.0263366567293419,0.0173487071943486
-1.45814503449947,-0.0438314682480555,0.0312618694163545
-1.00082472804934,0.0129239920926875,0.0200165013627503
-1.11304556764662,-0.0112323317841563,0.0223887043565779
-0.365831127390265,-0.0463238425229588,0.0113383241376763
1.68977609742433,-0.0206495331952268,0.0385534325942659
0.633414055220783,-0.0250663801813708,0.0140121336535124
0.582389255054295,0.00748836131870037,0.013391772444027
-0.562993713654578,0.014039670142189,0.0131696192161457
-1.39861161448061,-0.0320715869031874,0.0295611444816007
-1.07543533854187,0.0258185422206911,0.0215656116738466
0.534726560115814,0.0117525782357424,0.0128593249409329
0.731949047185481,0.00589170943276221,0.0153574940767573
-0.438985822722316,0.00666050800731508,0.0119270855255119
-1.86581492144614,0.0108913767574583,0.0448126532109108
1.78618134651333,0.0245125828458665,0.0419044380263218
-1.97652704082429,-0.0133288305764464,0.0490665914310964
0.760822221636772,0.00115277253604465,0.0157885045293631
-0.780786257237196,0.0703899973245921,0.0160962717949047
0.949884166941047,-0.0274035018535307,0.0190227993060529
-0.11468371655792,0.00744099566908823,0.0101315235484354
-0.24391605053097,-0.0362180673664206,0.0105949503970663
1.39453513920307,0.00536689123983167,0.0294472825447213
-1.37033964972943,0.0245563700139654,0.0287783075562058
0.0951958810910583,-0.059276739460989,0.010090622557767
0.176020010374486,-0.0147222720281795,0.0103098304405223
-1.58170099742711,0.0567684126296561,0.035017780452619
-1.57681706827134,-0.0194952973184614,0.0348635206679182
1.78952794894576,-0.0358579787360313,0.0420241028005802
-1.66951306164265,0.0115273358587881,0.037872738629954
-1.93393458705395,-0.0182102505180422,0.0474010298700355
-0.158533404581249,0.0373711315322721,0.0102513284036812
-1.17007128335536,0.0272536052298166,0.0236906680813285
-0.350819146260619,0.0201435458886179,0.0112307407338303
0.289995525963604,-0.0358969637750826,0.0108409740507891
1.13540076464415,0.00904728038861941,0.0228913489635451
1.57048151548952,0.00960186666370697,0.0346641219049426
-1.11972214002162,-0.0524761480821088,0.022537776708546
0.577877534553409,0.0158132760302428,0.0133394244494153
0.0105628492310643,0.00757155708427068,0.0100011157378388
1.45822639111429,-0.0266578908936878,0.0312642420774222
-1.29212195333093,-0.00525526175533863,0.0266957914227975
-1.52187249157578,0.0515823784513884,0.0331609588061507
-1.35179544426501,0.019749087503497,0.0282735092313563
1.7609824296087,-0.0321696225883622,0.0410105911739057
1.50609149970114,0.00229514376499739,0.0326831160547204
-0.68296230584383,0.0439978581629795,0.0146643751120352
-1.43872959073633,0.000817374360733828,0.0306994283526033
1.76624783873558,-0.0128814749598091,0.0411963142783811
0.248396711423993,0.0293379931750855,0.0106170092624625
0.0815210081636906,-0.0117189578328506,0.0100664567477202
1.04975533578545,-0.00580888767648879,0.0210198626501002
-0.321082652546465,0.021555297181136,0.0110309406976627
0.31373867765069,0.0448113749313669,0.01098431957854
-1.03155698161572,-0.0207879378952524,0.0206410980632014
-1.79291626624763,-0.00576480794024398,0.0421454873777534
-0.094413485378027,-0.00173884550151289,0.0100891390622123
0.630532078444958,0.0225205124348971,0.0139757070194812
0.588913063518703,0.0387982679095321,0.0134681859638298
0.058365510776639,0.0425939627655439,0.0100340653284822
0.695334134623408,-0.00572292097078579,0.0148348955877248
-1.86530849523842,0.0234544454050204,0.0447937578240863
-0.165466198697686,-0.0220034621449198,0.0102737906291146
-1.742785747163,-0.0135461270760062,0.0403730216051449
0.590446417219937,-0.0301474781795739,0.0134862697160786
-0.77475040499121,-0.0277162144278259,0.0160023819003404
-0.930516926571727,0.0148910785314022,0.0186586175063649
-1.3995504733175,0.0184800459253943,0.0295874152736325
-1.59104636963457,0.00547257809838394,0.0353142855032734
0.774989143013954,-0.0191979136613849,0.016006081717895
-1.15815668273717,0.00747811028600817,0.0234132690176877
-0.150789481587708,-0.0303502235680796,0.0102273746775749
0.400377683341503,-0.0442224957509262,0.0116030228931791
-0.0939907748252153,-0.0126625968388066,0.0100883426575224
0.748956255614758,-0.010380279837668,0.0156093547282448
-0.0637175645679235,-0.0239213355675414,0.0100405992803447
-1.37928206287324,-0.0504784039070456,0.0290241900896387
0.412209145724773,-0.0106960628032242,0.0116991637981915
0.831431303173304,0.0134172371109934,0.0169127801189646
0.389924637973309,0.0198014269926307,0.0115204122329862
0.884999881498516,0.0401847628824041,0.0178322479025239
-0.81876390054822,0.00105214204683198,0.0167037432484093
-1.79176198877394,0.0573376623615304,0.0421041102441515
-0.564851931296289,0.0114021773636709,0.0131905770428915
0.8477513641119,-0.00395181112842665,0.0171868237535359
1.29360951296985,-0.0486114407771741,0.026734255720461
0.0715030701830983,0.0612147122522784,0.0100511268904561
1.39984644763172,0.0355313725079468,0.0295957007694714
1.45571725163609,0.0159608487251014,0.0311911271671093
1.4258050294593,0.0281705670553458,0.0303291998203143
-0.156575343571603,0.0263046525478273,0.0102451583821457
-0.594197763130069,0.021640901702588,0.0135307098170878
-1.11119438707829,0.0237220407885601,0.0223475296587429
-0.108062970452011,0.0267519479819517,0.0101167760558291
-0.968287406489253,-0.0173816962005841,0.0193758050156568
-1.99189491011202,-0.00676367301908877,0.0496764533293019
-0.55915304645896,0.00296003105721532,0.0131265212936434
0.887997920624912,-0.0215501634025231,0.0178854030703417
1.76067178882658,0.0547870035442248,0.0409996514796981
0.720185304060578,-0.033358968978571,0.0151866687218483
-1.56215285882354,0.00358150365148943,0.0344032155433055
-0.564200500026345,-0.0200147520550719,0.0131832220422998
0.587853773497045,0.00224728338563423,0.0134557205901472
0.99784336797893,0.00425682513427817,0.0199569138701954
0.609345665201545,-0.0012181557520732,0.0137130213969991
-0.511322994716465,-0.0779451995374092,0.0126145120492581
1.72923933900893,-0.0628732298505811,0.0399026869157603
-0.545612532645464,0.0181502902387784,0.012976930357798
-1.76206702645868,-0.0224708132695929,0.0410488020573294
-0.63824958447367,0.00244364669780049,0.0140736253208081
-1.79949671495706,0.0201503820940072,0.0423818842714124
-0.999065197072923,-0.00423889836980827,0.0199813126800236
0.148734325543046,-0.0179953463564887,0.0102212189959474
1.01500473916531,-0.0057075251541441,0.0203023462052803
-1.92761834524572,0.0405143805929146,0.0471571248492784
-0.30561610776931,0.0392927237246504,0.0109340120532806
1.6665721423924,0.0490115761327322,0.0377746270579838
-1.39668642729521,0.0378017136237823,0.0295073297619065
1.08654833491892,-0.0401279154547663,0.0218058728411507
-1.5593550298363,-0.0467350993388094,0.0343158810907576
0.909268277697265,0.00164239838237445,0.0182676880082655
-1.67030353844166,-0.00447626264657395,0.0378991391053072
1.15396756771952,-0.0372199956605087,0.023316411473485
0.162554087117314,-0.0502303182602466,0.0102642383123854
-0.96353245805949,0.0314213373344263,0.0192839479773416
-0.545494198799133,0.0420718172253154,0.0129756392092351
1.43967740237713,0.00664744320588443,0.0307267102291536
-1.98833489604294,0.00430060984879742,0.049534756588221
1.2668835548684,-0.00307547296503642,0.0260499394159599
0.333884325809777,-0.0124531616252963,0.0111147874302145
-0.218473308719695,-0.0350234562253057,0.0104773058662293
0.0465697646141052,-0.00516083134852268,0.0100216874297621
-1.56092260684818,-0.0264180171862315,0.0343647938456972
-0.334744281135499,0.00480433896694385,0.0111205373375292
-1.03965885471553,0.017823810126899,0.020808905341884
1.80376018490642,-0.00732601962510786,0.0425355080465365
-1.03850948251784,0.0373774776153876,0.0207850194527947
0.0230080727487803,0.0421939587261142,0.0100052937141161
1.46966964099556,0.0311666980070276,0.0315992885366402
-1.98770297411829,-0.0355640962929959,0.0495096311331871
0.555356156080961,-0.0388319797313639,0.0130842046009702
-1.35502134822309,0.00193800176058435,0.0283608285414032
-1.44344503618777,0.00398767974626449,0.0308353357249511
1.97159207239747,0.0169620701412809,0.0488717529994055
0.450273107737303,-0.0370145565246293,0.0120274587155141
1.88607814814895,-0.0069304907552438,0.0455729078092499
1.44503132533282,0.00886010859419353,0.0308811553119313
-1.57537460979074,-0.0419327176766916,0.0348180516117333
0.208075157366693,0.00470826711530672,0.0104329527111317
1.27072244975716,0.0479265874181381,0.0261473554431683
1.55927200987935,-0.0382534610737312,0.0343132920079319
0.445831513032317,0.0335120241312723,0.0119876573801269
1.24073195457458,0.0264867008764166,0.0253941578310247
0.246441279537976,0.0265753890818644,0.0106073330426031
0.0315183503553271,0.0360529008238987,0.0100099340640912
0.402559593319893,0.000520036887114308,0.0116205422617388
-1.86916008871049,0.00507102937144855,0.044937594372282
1.67261440306902,-0.0249299471524556,0.0379763894135393
-1.68623038008809,0.0130589654720124,0.0384337289473203
0.835163785144687,0.0320947304812094,0.016974985480172
0.966702767647803,0.00484042795810438,0.0193451424097792
-0.688311410136521,0.0295990398465196,0.0147377259732413
-1.2311672065407,0.0312921972949895,0.0251577269046124
-1.75246230419725,-0.032526286870268,0.0407112412763234
-1.90693996567279,0.00851249047797281,0.0463642003268015
-1.88666921667755,-0.011967688335618,0.0455952073315867
-1.2532857498154,-0.0041798995746472,0.0257072517069036
-0.999144399538636,-0.00419083664124367,0.0199828953112942
-0.833964661695063,-0.0282890864820054,0.0169549705695616
1.76489521749318,0.0236996603831004,0.0411485512873029
1.61843882780522,-0.0230027342502792,0.0361934423934754
0.232759516686201,0.0122376793164752,0.0105417699260799
0.139825023710728,-0.045215693545671,0.0101955103725571
-1.96165012568235,-0.00931420347533237,0.048480712155896
-0.564463747665286,-0.00525604535146185,0.0131861932242834
0.0528506310656667,-0.016651446720573,0.0100279318920404
1.91343920491636,-0.00444793723231449,0.0466124959091095
-1.08324669115245,0.0260890248762349,0.0217342339389274
0.194535513408482,0.0147433011539324,0.010378440659771
1.63188603427261,-0.019979638430547,0.0366305202885399
1.43660261854529,-0.00535326523645121,0.030638270836112
-1.55977338645607,-0.0024340428218417,0.0343289301709664
0.204602117650211,-0.00952952590455149,0.0104186202654695
-1.52596064656973,-0.00331975191806151,0.033285558948795
-0.500244814902544,-0.00739200699515261,0.0125024487483688
-1.26764597464353,0.0538368162086689,0.0260692631702994
-1.2749861786142,0.00730293020849594,0.0262558975565724
-1.05185792315751,0.013792774561538,0.0210640509050924
-0.854400472715497,-0.0145828989259848,0.0173000016777646
-1.55514356773347,0.00609892463515768,0.0341847151626278
-0.153880877420306,0.00724528220912336,0.0102367932443564
1.89772293623537,0.00997363753405224,0.0460135234271379
0.663014705292881,0.00462485791860985,0.0143958849943461
-0.020855569280684,0.0499404709741858,0.0100043495477002
1.4891271200031,-0.049537283639609,0.0321749957952874
-0.341110684908926,0.0137200908349077,0.0111635649935904
1.28953656181693,0.0133417806457754,0.0266290454426263
0.0929998494684696,-0.0179572318669379,0.0100864897200116
0.0670781591907144,0.00148930267982206,0.0100449947944041
-0.441889957524836,-0.0229438069220976,0.011952667345613
1.57265037111938,-0.0187460237422725,0.0347322918978192
-1.1679438399151,-0.0557046684097765,0.0236409281319562
-0.204384978860617,0.0319888334635282,0.0104177321958385
-0.805768058635294,-0.0137819421959923,0.0164926216431689
0.920119148679078,0.0152386683036744,0.0184661924776591
-1.59698423091322,-0.00691814038106152,0.0355035863378549
0.335695399902761,0.0509745710229952,0.0111269140151587
-0.172519948333502,0.00609681738653173,0.0102976313257299
0.279235105961561,0.0558860424326381,0.0107797224440136
-0.665718486532569,0.00413639983583744,0.0144318110331121
-1.32406749762595,0.0365457853143046,0.0275315473826944
1.49826974794269,0.00310848376687205,0.0324481223760024
1.29343492165208,0.0087852750562775,0.0267297389654912
-1.29900644347072,-0.00612048893447632,0.0268741774017844
-0.47047358751297,0.0025845863749511,0.0122134539654732
0.0853731762617826,0.0180395091355529,0.0100728857922503
-1.442193062976,0.0123390563932457,0.030799208308961
-0.926342685706913,-0.0413736528956682,0.018581107713627
0.230382215231657,0.0306345251090821,0.0105307596509505
1.20177906472236,-0.0187304018438407,0.0244427292040495
-1.94956379383802,0.0237534521096272,0.0480079898624411
-0.134792015887797,-0.0031106514176088,0.010181688875471
-1.07560638710856,0.00177696485111696,0.0215692909998874
-0.11107546184212,0.0131091782456507,0.0101233775822344
-0.87641341611743,-0.0226642808590976,0.0176810047595062
1.93789475411177,-0.0017038129570456,0.0475543607801391
1.47480031847954,-0.0175559582111399,0.0317503597938735
-0.202758819796145,0.0171576439367816,0.0104111113900513
-0.858519992791116,0.00841791558939642,0.0173705657802206
-0.855982271023095,-0.0358343396225844,0.0173270564830585
1.09950622729957,-0.00787100454008773,0.0220891394387054
-1.45401934161782,-0.0150697675001357,0.0311417224579873
-0.0842753192409873,-0.0167085959690394,0.0100710232943317
-0.859971708618104,0.000143774005655144,0.0173955133962354
-1.03374325763434,-0.0457706167661282,0.0206862512270446
-0.446666121482849,0.0484829956735788,0.0119951062408053
-0.239139542914927,0.0119895881732942,0.0105718772098556
-0.217916246503592,-0.0487228935706217,0.0104748749049021
1.27782680373639,-0.0230164188518579,0.0263284134034715
1.27076367475092,0.00932978572162643,0.0261484031706647
1.90546190366149,-0.0577613436890613,0.0463078506630527
1.42661059089005,-0.0121407436660237,0.0303521777803966
1.66904605925083,-0.000484722086726806,0.0378571474790073
0.862553115002811,0.0319982483678477,0.0174399787620105
1.58691611886024,0.0422125825937435,0.0351830276829846
0.431425713934004,0.0333302536436419,0.0118612814664347
-0.272043985314667,0.0373240043763211,0.0107400792994589
1.26997463684529,-0.0125048311162456,0.0261283557823033
-1.01141940709203,0.0286616858294996,0.020229692170424
0.639951595105231,0.00103536047625694,0.0140953804407773
-0.963464232161641,0.0456486087220501,0.0192826332665482
0.988679628819227,0.0084315457302825,0.0197748740844212
0.974776288494468,0.0172753779509976,0.0195018881261105
-1.80437864176929,0.00966022265974216,0.0425578228287319
0.600900429300964,0.0205950775110038,0.0136108132593408
-1.6807166300714,0.00967537410322917,0.0382480839059857
1.99477824196219,-0.0112939773824169,0.0497914023460578
0.158487934619188,0.00271759697008742,0.0102511842541986
0.121736029163003,0.0740453856766344,0.0101481966079638
1.69119765423238,-0.027133943841462,0.0386014950568111
-1.61414461676031,0.0127272127633052,0.036054628438163
1.104636836797,0.0105635197804521,0.0222022254120888
-1.37025619763881,0.0253878510995206,0.0287760204716757
0.606771755963564,-0.0584230291370318,0.0136817196383511
-0.484072235412896,-0.0317727926082468,0.0123432592909764
1.85386149585247,0.00323011022555296,0.0443680244580436
-1.14131839945912,-0.0233642063941888,0.0230260768894394
0.22208371758461,-0.0108271112630421,0.010493211776162
0.764398735947907,0.0171026693370029,0.0158430542751876
-1.77396805770695,-0.000813606933692526,0.0414696266976458
1.98790939617902,-0.0196812639136167,0.0495178376741684
-0.936533912084997,-0.00732623886612199,0.0187709576848523
1.94134483113885,0.0436164129676525,0.0476881975338953
1.01792110316455,0.0403331612207003,0.0203616337226774
1.82064555864781,-0.0113427395772236,0.04314750250224
-0.116471132263541,0.0389464826172607,0.0101356552465075
-1.06488475482911,0.0153807828433657,0.0213397954106745
-1.44077785406262,0.0224913769266269,0.0307584082475728
-0.0255392380058765,-0.024286239752717,0.0100065225267792
1.42339379619807,-0.0387259296154031,0.0302604989905515
-1.72701390273869,0.0334740685578107,0.0398257702025272
-1.17680398654193,-0.0184710516829321,0.0238486762274097
1.91299592331052,-0.0158906178548303,0.0465955340260266
0.063846149481833,0.00553833797769794,0.0100407633080366
-1.73311329539865,-0.0415193058230145,0.0400368169468758
1.10356239322573,0.0149185319935248,0.022178499557421
0.674479137174785,0.0333952895568726,0.0145492210648404
1.1174106830731,-0.00288540471950884,0.022486066346459
1.93390667904168,-0.043526209851839,0.0473999504324203
-1.28448167163879,-0.0148322570576433,0.0264989316477597
0.542503949254751,-0.014032332724232,0.01294310534957
1.88002730440348,0.0263894785192456,0.0453450266530263
1.4847011230886,0.0265982316545255,0.0320433742490055
-1.93860198091716,0.00754636847499177,0.0475817764041592
0.554794287309051,-0.00970072374784906,0.0130779670123076
-1.67835812550038,-0.00369774062574552,0.0381688599743315
-0.879913126118481,0.0169736341131005,0.017742471095156
-1.75075933244079,0.0204415205062294,0.0406515824012853
1.67566349543631,0.0442305347433895,0.0380784814993783
0.889391675591469,-0.0306626984538192,0.017910175526114
-1.31565177533776,0.00950238571128411,0.0273093959394939
0.928379679098725,0.00651607884217693,0.0186188882856345
0.00308195035904646,-0.0434035455845803,0.0100000949841802
-1.36731984373182,-0.00533354744976382,0.0286956355506281
0.221690464764833,-0.0139094524557588,0.0104914666216765
0.905726986937225,-0.0294157059622688,0.0182034137486638
-1.58875073865056,0.00628964193399226,0.035241289095627
0.899398194625974,-0.0602584563709809,0.0180891711249646
-0.70719073805958,0.0270141353540609,0.0150011873999725
-0.887553418055177,0.0376461493214768,0.0178775106990143
-1.35247748531401,0.0315183706112291,0.0282919534828131
0.189731696620584,0.023006582988349,0.0103599811670253
1.53836266789585,0.00623880837637336,0.0336655969797565
0.101627585478127,0.00404677082853989,0.0101032816613011
-0.899234074167907,-0.00286116787416016,0.0180862192014461
1.35792231559753,-0.019156800129131,0.0284395301519777
-1.37374493293464,0.00524261117087091,0.028871751407636
-1.26090023014694,0.0189242916336678,0.0258986939038462
0.727881292812526,-0.0329574159163901,0.0152981117642643
0.634244903922081,-0.0063008195373551,0.0140226659815113
0.698620203882456,-0.00853744250668006,0.0148807018927276
-1.04505263268948,0.00764168424586528,0.020921350050912
-0.2563188187778,-0.0217228409885247,0.0106569933685965
1.5937186460942,0.024182588020307,0.0353993912290834
-0.525727690197527,-0.0126353395322774,0.0127638960424043
-1.64135772921145,0.0319912576349192,0.0369405519524217
-1.74777166824788,-0.0128839553337562,0.0405470580432997
0.954753974452615,0.0304545014886365,0.0191155515173306
-1.30967234726995,-0.00846915409133055,0.0271524165720359
-0.222405222244561,0.0162988448403584,0.0104946408288165
-0.815659913234413,0.00698515352288326,0.0166530109405757
1.20523462723941,-0.00229835883647377,0.0245259050669691
-1.92095741257071,0.0376504872518709,0.0469007738091038
0.868835152126849,0.00463748452787571,0.0175487452157128
1.74153427034616,0.0107183905577336,0.0403294161479015
-0.894710963591933,-0.00358207944448734,0.0180050770837161
0.288415752351284,-0.010229061277675,0.0108318364620436
-1.83099330682307,0.0556242453740768,0.043525364896309
1.66100969910622,-0.00532246930518177,0.0375895322052492
-0.85084767267108,0.00362200636322883,0.0172394176208979
-1.59429856576025,0.00834535966549427,0.0354178791678521
0.601298222318292,0.00437685293615787,0.0136155955216314
-0.963228229433298,0.0359907659461983,0.0192780862197721
0.702034179121256,-0.0294435495100035,0.0149285198865446
-0.847423609346151,-0.00875495544812951,0.0171812677367726
0.0806287545710802,-0.0286440629000457,0.0100650099606368
1.55341250263155,-0.0174392736470054,0.03413090403332
1.7524481350556,0.0124287297691372,0.0407107446605986
-0.886222191154957,0.0212830860523215,0.0178538977209549
-1.26520669553429,0.0717282762933397,0.026007479824248
1.55839163530618,0.0126538678964949,0.0342858448899227
1.39745023846626,-0.00742035146669202,0.0295286716898941
-0.530474053695798,-0.0253043752860049,0.0128140272164445
0.136426574550569,0.0102047275399447,0.010186122102436
1.73390130791813,0.0233664098612272,0.0400641374560021
0.849227709695697,-0.0107804936569917,0.01721187702915
0.520851333625615,0.00673285502430997,0.0127128611173958
0.486400805413723,0.00615882196009364,0.0123658574350712
0.965646417811513,-0.0100868832296099,0.0193247300423221
1.7700208472088,0.0196485818015632,0.0413297379955375
1.68474233523011,-0.0360131654309033,0.0383835673611661
0.78834112919867,0.0509736119800927,0.0162148173598623
1.37726964708418,0.00136223134771341,0.0289687168077937
1.90305791795254,0.0107452344584335,0.0462162943908185
0.43734878487885,0.00270641362912504,0.0119127395963501
0.163298678584397,-0.0333871540790085,0.0102666645842741
-1.76681365910918,0.014875220531761,0.0412163050601475
-0.152266383171082,-0.00288967297193445,0.01023185051444
-0.192355002276599,-0.0257445139944816,0.0103700044690083
0.0819362848997116,0.00964420788293046,0.0100671355478317
-1.60793096572161,-0.0490980587849315,0.0358544199052642
0.0048341378569603,0.0386807466741488,0.0100002336888882
-0.986376442946494,-0.0226814584586683,0.0197293848719978
-0.638166892342269,-0.0031092686365766,0.0140725698248179
-0.547577019780874,0.0466504625715717,0.012998405925921
-0.914549985900521,-0.0364761007320878,0.0183640167671064
-1.18459826894104,0.0422624327017747,0.0240327305877812
1.03124718368053,0.0203291197427543,0.0206347075384903
0.412652752362192,0.0180444146553588,0.0117028229403209
1.15124089643359,-0.0551408043135868,0.0232535560162122
-1.10927050653845,-0.0061035310087556,0.0223048105667607
1.57379045989364,-0.0351179836120706,0.0347681641165225
-0.916270250454545,-0.0178461725117081,0.0183955117186803
1.59833245351911,0.0110473798644397,0.0355466663197241
-1.30985673423856,-0.0222494460694757,0.0271572466423012
1.61383141670376,0.027397681156033,0.0360445184154007
1.54431448411196,0.00123227064778458,0.03384907225838
-0.233220107853413,-0.0399618562133016,0.0105439161870716
-1.40922899823636,0.0215541225033705,0.0298592636947025
0.107219176366925,-0.0151876241908686,0.010114959517808
0.508239417336881,-0.0261178451397101,0.0125830730533493
-1.76680393051356,0.0298054533697354,0.0412159612887817
0.590930406935513,0.00800499590661087,0.0134919874584097
-1.63780555594712,0.0124395619254919,0.0368240703909127
1.6977232741192,0.00796621090927274,0.0388226431548601
0.309716671705246,-0.0175721807669687,0.0109592441673218
-1.66556524392217,0.000453767423058147,0.0377410758176153
0.521742121316493,-0.00451618119833664,0.0127221484115583
-1.634361570701,-0.0163737829314507,0.0367113774378425
0.747941967099905,-0.0426098197973695,0.0155941718614928
-1.44745849166065,0.0120502196843447,0.0309513608508054
-0.0953957634046674,-0.0168032225026204,0.0100910035167556
-0.12936276011169,0.0331985562893611,0.0101673472370371
0.635185119695961,0.0247957147691871,0.0140346013628317
-0.201860714703798,-0.00751921290595864,0.0104074774814073
-0.21823101490736,0.00818446121763057,0.010476247758675
0.0986770307645202,0.023399483281974,0.010097371564005
-0.55660420935601,-0.00716677540113135,0.0130980824587283
-1.38547721039504,0.0761272063358217,0.0291954710052402
1.48684030864388,0.0142219826895706,0.0321069410340822
1.12921151425689,-0.00235161030653231,0.0227511864393035
-1.77710203174502,0.00138969765205763,0.0415809163123227
0.713806251995265,-0.000973563006230967,0.0150951936538753
-0.450098470784724,0.0329700774428349,0.0120258863340275
0.171416618861258,0.0313157090989088,0.0102938365722183
-1.77664717659354,0.00341904015788617,0.041564751900978
0.837401368655264,-0.0040010551997047,0.0170124105222571
-1.75500755570829,0.0148447294160464,0.0408005152059318
-0.638407587073743,-0.0150144319869983,0.0140756424723332
-0.571549371816218,0.00142686253044157,0.0132666868442351
1.7810446806252,-0.00468974888853275,0.0417212015438332
-0.186976126395166,-0.0356835924019938,0.0103496007184174
1.88957215007395,-0.0141881440399929,0.0457048291033507
1.46251908317208,-0.0279276563526859,0.0313896206864251
1.33735040668398,0.0236850695169694,0.0278850611025781
-0.0371729778125882,-0.0295321055164005,0.0100138183027946
1.64086408540606,-0.00302466734788923,0.0369243494677548
-1.66053626779467,-0.024462582811849,0.0375738069666145
0.079469433054328,0.00238775632596836,0.0100631539078998
-1.76227623410523,-0.0119212207951384,0.0410561752529211
1.50375910010189,0.0592371776600474,0.0326129143113924
1.65083184279501,-0.00836288810030748,0.0372524577318598
0.10452170856297,0.0188953490011441,0.0101092478756092
0.00577764958143234,0.00970628426985998,0.0100003338123469
1.45090584270656,0.0171025078843987,0.0310512776440004
1.15388123411685,0.0257805491039273,0.0233144190244703
-1.94076668471098,-0.012233633261127,0.0476657532448405
0.920375067740679,-0.0285489749203017,0.0184709026531866
-1.01309376396239,0.016714607838209,0.0202635897457948
1.25564727280289,-0.0233262785743164,0.0257665007369733
-0.214283206500113,0.0343870157608603,0.0104591729258797
0.698354291729629,-0.0275428276212522,0.0148769871677719
0.159477829001844,-0.0645875968761812,0.0102543317794314
0.859433597885072,-0.0266494870751116,0.0173862610917368
-0.708387076854706,-0.0130327955873985,0.0150181225065475
-1.88085720129311,0.0478365448089578,0.0453762381165615
-0.947780873626471,0.0207537640803678,0.0189828858441216
-1.04211039748043,0.0396225393070671,0.0208599408053682
-1.83002371899784,-0.0330940555468268,0.0434898681209467
1.34050847124308,0.0280754147771454,0.0279696296147447
0.361275211907923,-0.0153134278433874,0.0113051977873911
-1.7653045039624,0.0218349210358712,0.0411629999170993
-0.477971161715686,-0.048949756491803,0.0122845643143184
0.697269997559488,0.0247882233811926,0.0148618544949661
-1.37861310690641,-0.00761116894583715,0.0290057409853416
-0.149725310504436,-0.00469314552709347,0.0102241766860565
-0.490514673292637,0.0333605633658222,0.0124060464471538
-0.604218098334968,0.00915922146069103,0.0136507951035553
0.607214440591633,0.00253726583118077,0.0136870937686301
1.60780591983348,0.0207396501313113,0.0358503987585159
1.92131149210036,-0.0223892040508794,0.046914378496769
0.619629808701575,-0.033536583996847,0.0138394109983155
1.2897397140041,0.0272928650519998,0.0266342852987938
-0.480012337677181,0.0358516778831347,0.0123041184432231
0.895542266778648,0.0125844781323031,0.0180199595158704
0.247045442461967,-0.000197328929500975,0.0106103145064123
1.83207958284765,0.0357606327911818,0.0435651559788724
-1.38567422423512,0.00375043378055438,0.0292009305570959
1.79260809719563,0.0098089961295897,0.0421344379013132
0.215256827883422,0.0029758573787197,0.0104633550195043
-0.124651502817869,0.0189519891658701,0.0101553799715475
-0.992674639448524,-0.0295175743285565,0.0198540293980426
-0.980769419111311,-0.0116644798859506,0.0196190865346394
-0.75554580334574,-0.00504629237246378,0.0157084946095336
-1.72488118801266,-0.0408003322807863,0.0397521511275996
-1.43491527065635,0.0194475443436435,0.0305898183396278
1.18350506853312,0.00544276326729007,0.0240068424724359
-1.19758725073189,-0.0178732584954371,0.0243421522311556
-1.77906429581344,0.00884077146991995,0.0416506976863818
0.1211365936324,0.00434800150490738,0.0101467407431686
1.70543472934514,-0.0177460517469941,0.0390850761605654
1.61573771201074,0.00159808108772496,0.0361060835401371
-0.611692622303963,-0.0190977298906476,0.013741678641811
-0.911009032279253,0.0134970023864444,0.0182993745689438
-1.74222521763295,-0.0350197292682321,0.0403534870895618
-0.595027253031731,0.00407428510209441,0.0135405743185049
-0.308171349577606,0.0212866997422829,0.0109496958070048
0.353602034039795,0.00514453244668682,0.0112503439847708
-1.87710124067962,-0.0196199832423614,0.0452350906776098
-0.0846506869420409,-0.0273189975493692,0.0100716573879976
0.911685810424387,-0.0408699276586883,0.0183117101692917
-0.33213085308671,0.0114917814569564,0.0111031090357211
-0.107688138261437,0.00463626078555237,0.0101159673512221
0.858109666965902,0.00146025267841266,0.0173635220054033
-0.0990705899894238,0.0174323444288311,0.0100981498180085
